{
    "loss": 0.6522610187530518,
    "accuracy": 0.5431034564971924
}